{"7584451964": 1736307779.6398659, "6603130628": 1736310367.3410192}